{
  "0": {
      "name": "car",
      "pos_2d_m": [
          6.0,
          0.5
      ],
      "shape_2d_m": [
          0.2,
          0.5
      ],
      "direction_2d_m": [
          0.0,
          1.0
      ],
      "fix": true
  },
  "1": {
      "name": "pedestrian",
      "pos_2d_m": [
          3.0,
          0.5
      ],
      "shape_2d_m": [
          0.2,
          0.5
      ],
      "direction_2d_m": [
          0.0,
          1.0
      ],
      "fix": true
  },
  "2": {
      "name": "car",
      "pos_2d_m": [
          6.99,
          1.5
      ],
      "shape_2d_m": [
          0.2,
          0.5
      ],
      "direction_2d_m": [
          -1.0000000000000029,
          1.5265566588595902e-16
      ],
      "fix": false
  },
  "3": {
      "name": "car",
      "pos_2d_m": [
          7.370000000000013,
          2.5
      ],
      "shape_2d_m": [
          0.2,
          0.5
      ],
      "direction_2d_m": [
          -0.01745240643728399,
          -0.9998476951563967
      ],
      "fix": false
  },
  "4": {
      "name": "pedestrian",
      "pos_2d_m": [
          4.0,
          1.5
      ],
      "shape_2d_m": [
          0.2,
          0.5
      ],
      "direction_2d_m": [
          -0.999847695156394,
          0.017452406437283713
      ],
      "fix": false
  }
}